﻿[
  {
    "eventId": 1,
    "eventName": "Hiến máu mùa xuân",
    "eventDescription": "Chiến dịch hiến máu mùa xuân hàng năm để giúp đỡ cộng đồng.",
    "eventDate": "2025-08-07T13:35:10.841357",
    "startTime": "09:00:00",
    "endTime": "17:00:00",
    "location": "Bệnh Viện Bạch Mai",
    "maxDonors": 100,
    "currentDonors": 0,
    "status": "Active",
    "imageUrl": null,
    "requiredBloodTypes": "All",
    "createdBy": null,
    "createdDate": "2025-07-08T13:35:10.841215",
    "updatedDate": "2025-07-08T13:35:10.8412166"
  },
  {
    "eventId": 2,
    "eventName": "Hội chợ sức khỏe mùa hè Hiến máu",
    "eventDescription": "Sự kiện hiến máu là một phần của hội chợ sức khỏe mùa hè.",
    "eventDate": "2025-09-06T13:35:10.8415186",
    "startTime": "10:00:00",
    "endTime": "16:00:00",
    "location": "Bệnh Viện Việt Đức",
    "maxDonors": 75,
    "currentDonors": 1,
    "status": "Active",
    "imageUrl": null,
    "requiredBloodTypes": "O-, A-, B-, AB-",
    "createdBy": null,
    "createdDate": "2025-07-08T13:35:10.8415178",
    "updatedDate": "2025-07-08T13:35:10.841518"
  },
  {
    "eventId": 3,
    "eventName": "Chương trình hiến máu doanh nghiệp",
    "eventDescription": "Sự kiện hiến máu do doanh nghiệp tài trợ.",
    "eventDate": "2025-10-06T13:35:10.8415192",
    "startTime": "08:00:00",
    "endTime": "15:00:00",
    "location": "Viện Huyết học và Truyền máu Quốc gia",
    "maxDonors": 50,
    "currentDonors": 0,
    "status": "Active",
    "imageUrl": null,
    "requiredBloodTypes": "All",
    "createdBy": null,
    "createdDate": "2025-07-08T13:35:10.841519",
    "updatedDate": "2025-07-08T13:35:10.8415191"
  },
  {
    "eventId": 4,
    "eventName": "Ngày hội hiến máu mùa hè",
    "eventDescription": "Sự kiện hiến máu lớn nhất mùa hè tại TP.HCM.",
    "eventDate": "2025-09-15T00:00:00",
    "startTime": "08:00:00",
    "endTime": "16:00:00",
    "location": "Bệnh Viện Bạch Mai",
    "maxDonors": 200,
    "currentDonors": 0,
    "status": "Active",
    "imageUrl": null,
    "requiredBloodTypes": "A+, O+, B+",
    "createdBy": "System Administrator",
    "createdDate": "2025-07-10T22:04:51.9966667",
    "updatedDate": "2025-07-10T22:04:51.9966667"
  },
  {
    "eventId": 6,
    "eventName": "Chiến dịch \"Giọt hồng cứu người\" 2023",
    "eventDescription": "Phối hợp tổ chức giữa Bệnh viện Huyết học và Trung tâm Hiến máu Quốc gia.",
    "eventDate": "2025-09-20T00:00:00",
    "startTime": "07:30:00",
    "endTime": "16:30:00",
    "location": "Bệnh Viện Việt Đức",
    "maxDonors": 200,
    "currentDonors": 85,
    "status": "Active",
    "imageUrl": null,
    "requiredBloodTypes": "ALL",
    "createdBy": "John Doe",
    "createdDate": "2025-07-15T17:22:38.16",
    "updatedDate": "2025-07-15T17:22:38.16"
  },
  {
    "eventId": 7,
    "eventName": "Hiến máu Khẩn cấp - Tai nạn giao thông",
    "eventDescription": "Kêu gọi hiến máu gấp cho các nạn nhân vụ tai nạn giao thông nghiêm trọng tại Quốc lộ 1A.",
    "eventDate": "2025-11-05T00:00:00",
    "startTime": "09:00:00",
    "endTime": "18:00:00",
    "location": "Viện Huyết học và Truyền máu Quốc gia",
    "maxDonors": 100,
    "currentDonors": 45,
    "status": "Active",
    "imageUrl": null,
    "requiredBloodTypes": "O+,O-",
    "createdBy": "Jane Smith",
    "createdDate": "2025-07-15T17:22:52.3533333",
    "updatedDate": "2025-07-15T17:22:52.3533333"
  },
  {
    "eventId": 8,
    "eventName": "Sự kiện hiến máu 1",
    "eventDescription": "Sự kiện",
    "eventDate": "2025-08-02T00:00:00",
    "startTime": "08:00:00",
    "endTime": "11:00:00",
    "location": "Bệnh viện",
    "maxDonors": 130,
    "currentDonors": 2,
    "status": "Active",
    "imageUrl": null,
    "requiredBloodTypes": "A+",
    "createdBy": null,
    "createdDate": "2025-07-17T16:54:01.1688301",
    "updatedDate": "2025-07-17T16:54:01.1688468"
  }
]