﻿[
  {
    "id": 1,
    "fromBloodType": "O-",
    "toBloodType": "A+"
  },
  {
    "id": 2,
    "fromBloodType": "O-",
    "toBloodType": "A-"
  },
  {
    "id": 3,
    "fromBloodType": "O-",
    "toBloodType": "B+"
  },
  {
    "id": 4,
    "fromBloodType": "O-",
    "toBloodType": "B-"
  },
  {
    "id": 5,
    "fromBloodType": "O-",
    "toBloodType": "AB+"
  },
  {
    "id": 6,
    "fromBloodType": "O-",
    "toBloodType": "AB-"
  },
  {
    "id": 7,
    "fromBloodType": "O-",
    "toBloodType": "O+"
  },
  {
    "id": 8,
    "fromBloodType": "O-",
    "toBloodType": "O-"
  },
  {
    "id": 9,
    "fromBloodType": "O+",
    "toBloodType": "A+"
  },
  {
    "id": 10,
    "fromBloodType": "O+",
    "toBloodType": "B+"
  },
  {
    "id": 11,
    "fromBloodType": "O+",
    "toBloodType": "AB+"
  },
  {
    "id": 12,
    "fromBloodType": "O+",
    "toBloodType": "O+"
  },
  {
    "id": 13,
    "fromBloodType": "A-",
    "toBloodType": "A+"
  },
  {
    "id": 14,
    "fromBloodType": "A-",
    "toBloodType": "A-"
  },
  {
    "id": 15,
    "fromBloodType": "A-",
    "toBloodType": "AB+"
  },
  {
    "id": 16,
    "fromBloodType": "A-",
    "toBloodType": "AB-"
  },
  {
    "id": 17,
    "fromBloodType": "A+",
    "toBloodType": "A+"
  },
  {
    "id": 18,
    "fromBloodType": "A+",
    "toBloodType": "AB+"
  },
  {
    "id": 19,
    "fromBloodType": "B-",
    "toBloodType": "B+"
  },
  {
    "id": 20,
    "fromBloodType": "B-",
    "toBloodType": "B-"
  },
  {
    "id": 21,
    "fromBloodType": "B-",
    "toBloodType": "AB+"
  },
  {
    "id": 22,
    "fromBloodType": "B-",
    "toBloodType": "AB-"
  },
  {
    "id": 23,
    "fromBloodType": "B+",
    "toBloodType": "B+"
  },
  {
    "id": 24,
    "fromBloodType": "B+",
    "toBloodType": "AB+"
  },
  {
    "id": 25,
    "fromBloodType": "AB-",
    "toBloodType": "AB+"
  },
  {
    "id": 26,
    "fromBloodType": "AB-",
    "toBloodType": "AB-"
  },
  {
    "id": 27,
    "fromBloodType": "AB+",
    "toBloodType": "AB+"
  }
]