﻿[
  {
    "bloodTypeId": 1,
    "bloodTypeName": "A+",
    "description": "Blood type A positive - Can donate to A+ and AB+, can receive from A+, A-, O+, O-"
  },
  {
    "bloodTypeId": 2,
    "bloodTypeName": "A-",
    "description": "Blood type A negative - Can donate to A+, A-, AB+, AB-, can receive from A-, O-"
  },
  {
    "bloodTypeId": 3,
    "bloodTypeName": "B+",
    "description": "Blood type B positive - Can donate to B+ and AB+, can receive from B+, B-, O+, O-"
  },
  {
    "bloodTypeId": 4,
    "bloodTypeName": "B-",
    "description": "Blood type B negative - Can donate to B+, B-, AB+, AB-, can receive from B-, O-"
  },
  {
    "bloodTypeId": 5,
    "bloodTypeName": "AB+",
    "description": "Blood type AB positive - Universal plasma donor, can receive from all blood types"
  },
  {
    "bloodTypeId": 6,
    "bloodTypeName": "AB-",
    "description": "Blood type AB negative - Can donate to AB+, AB-, can receive from A-, B-, AB-, O-"
  },
  {
    "bloodTypeId": 7,
    "bloodTypeName": "O+",
    "description": "Blood type O positive - Can donate to A+, B+, AB+, O+, can receive from O+, O-"
  },
  {
    "bloodTypeId": 8,
    "bloodTypeName": "O-",
    "description": "Blood type O negative - Universal donor, can donate to all blood types"
  }
]