﻿[
  {
    "messageId": 1,
    "fullName": "John Doe",
    "email": "john@example.com",
    "phone": null,
    "subject": "",
    "message": "How can I donate?",
    "status": "New",
    "createdDate": "2025-07-08T13:35:11.3095532",
    "resolvedDate": null,
    "resolvedBy": null
  },
  {
    "messageId": 2,
    "fullName": "Nguyễn Văn A",
    "email": "nguyenvana@gmail.com",
    "phone": "0912345678",
    "subject": "Hỏi về điều kiện hiến máu",
    "message": "Tôi muốn biết tiêu chuẩn sức khỏe để hiến máu.",
    "status": "New",
    "createdDate": "2025-07-15T17:26:32.4833333",
    "resolvedDate": null,
    "resolvedBy": null
  },
  {
    "messageId": 3,
    "fullName": "Trần Thị B",
    "email": "tranthib@example.com",
    "phone": "0987654321",
    "subject": "Yêu cầu hỗ trợ đăng ký sự kiện",
    "message": "Tôi không thể đăng ký tham gia sự kiện hiến máu ngày 20/12.",
    "status": "New",
    "createdDate": "2023-12-15T10:30:00",
    "resolvedDate": null,
    "resolvedBy": "Sarah Johnson"
  },
  {
    "messageId": 4,
    "fullName": "Lê Văn C",
    "email": "levanc@yahoo.com",
    "phone": null,
    "subject": "Đóng góp ý kiến",
    "message": "Trung tâm nên mở thêm điểm hiến máu ở quận 7.",
    "status": "New",
    "createdDate": "2025-07-15T17:26:55.52",
    "resolvedDate": null,
    "resolvedBy": null
  }
]