﻿[
  {
    "registrationId": 1,
    "user": "System Administrator",
    "event": "Hiến máu mùa xuân",
    "registrationDate": "2025-07-03T13:35:10.9344221",
    "status": "CheckedIn",
    "notes": null,
    "isEligible": true,
    "checkInTime": "2025-07-17T16:10:58.5503471",
    "completionTime": null,
    "cancellationReason": null
  },
  {
    "registrationId": 2,
    "user": "John Doe",
    "event": "Hiến máu mùa xuân",
    "registrationDate": "2025-07-05T13:35:10.934488",
    "status": "CheckedIn",
    "notes": null,
    "isEligible": true,
    "checkInTime": "2025-07-17T16:16:45.1607918",
    "completionTime": null,
    "cancellationReason": null
  },
  {
    "registrationId": 3,
    "user": "Jane Smith",
    "event": "Hội chợ sức khỏe mùa hè Hiến máu",
    "registrationDate": "2025-07-06T13:35:10.9344883",
    "status": "Registered",
    "notes": null,
    "isEligible": false,
    "checkInTime": null,
    "completionTime": null,
    "cancellationReason": "Kiểm tra sức khỏe không đạt"
  },
  {
    "registrationId": 4,
    "user": "Michael Wilson",
    "event": "Hội chợ sức khỏe mùa hè Hiến máu",
    "registrationDate": "2025-07-07T13:35:10.9345091",
    "status": "Registered",
    "notes": null,
    "isEligible": true,
    "checkInTime": null,
    "completionTime": null,
    "cancellationReason": null
  },
  {
    "registrationId": 5,
    "user": "Sarah Johnson",
    "event": "Chương trình hiến máu doanh nghiệp",
    "registrationDate": "2025-07-08T13:35:10.9345095",
    "status": "Registered",
    "notes": null,
    "isEligible": false,
    "checkInTime": null,
    "completionTime": null,
    "cancellationReason": "Kiểm tra sức khỏe không đạt"
  },
  {
    "registrationId": 6,
    "user": "Jane Smith",
    "event": "Sự kiện hiến máu 1",
    "registrationDate": "2025-07-17T17:04:43.1223924",
    "status": "Registered",
    "notes": null,
    "isEligible": true,
    "checkInTime": null,
    "completionTime": null,
    "cancellationReason": null
  },
  {
    "registrationId": 7,
    "user": "John Doe",
    "event": "Sự kiện hiến máu 1",
    "registrationDate": "2025-07-17T17:09:50.7522782",
    "status": "Registered",
    "notes": null,
    "isEligible": true,
    "checkInTime": null,
    "completionTime": null,
    "cancellationReason": null
  },
  {
    "registrationId": 8,
    "user": "John Doe",
    "event": "Hội chợ sức khỏe mùa hè Hiến máu",
    "registrationDate": "2025-07-17T17:10:39.5592486",
    "status": "Registered",
    "notes": null,
    "isEligible": true,
    "checkInTime": null,
    "completionTime": null,
    "cancellationReason": null
  },
  {
    "registrationId": 9,
    "user": "Michael Wilson",
    "event": "Sự kiện hiến máu 1",
    "registrationDate": "2025-07-18T08:05:49.9930596",
    "status": "Cancelled",
    "notes": null,
    "isEligible": true,
    "checkInTime": null,
    "completionTime": null,
    "cancellationReason": null
  }
]