﻿[
  {
    "screeningId": 1,
    "user": "System Administrator",
    "weight": 70.50,
    "height": 175.00,
    "bloodPressure": "120/80",
    "heartRate": 72,
    "temperature": 36.50,
    "hemoglobin": 14.20,
    "isEligible": true,
    "disqualifyReason": null,
    "screenedBy": "System Administrator",
    "screeningDate": "2025-07-03T13:35:11.0146416"
  },
  {
    "screeningId": 2,
    "user": "John Doe",
    "weight": 65.00,
    "height": 168.00,
    "bloodPressure": "110/70",
    "heartRate": 68,
    "temperature": 36.80,
    "hemoglobin": 13.80,
    "isEligible": true,
    "disqualifyReason": null,
    "screenedBy": "System Administrator",
    "screeningDate": "2025-07-05T13:35:11.0146707"
  },
  {
    "screeningId": 3,
    "user": "Jane Smith",
    "weight": 58.00,
    "height": 160.00,
    "bloodPressure": "140/90",
    "heartRate": 85,
    "temperature": 37.20,
    "hemoglobin": 11.50,
    "isEligible": false,
    "disqualifyReason": "Huyết áp quá cao và hemoglobin dưới ngưỡng tối thiểu",
    "screenedBy": "John Doe",
    "screeningDate": "2025-07-06T13:35:11.0147086"
  },
  {
    "screeningId": 4,
    "user": "Michael Wilson",
    "weight": 80.00,
    "height": 182.00,
    "bloodPressure": "118/75",
    "heartRate": 70,
    "temperature": 36.60,
    "hemoglobin": 15.10,
    "isEligible": true,
    "disqualifyReason": null,
    "screenedBy": "John Doe",
    "screeningDate": "2025-07-07T13:35:11.0147092"
  },
  {
    "screeningId": 5,
    "user": "Sarah Johnson",
    "weight": 62.50,
    "height": 165.00,
    "bloodPressure": "115/78",
    "heartRate": 74,
    "temperature": 37.00,
    "hemoglobin": 12.80,
    "isEligible": false,
    "disqualifyReason": "Nhiệt độ hơi cao - khuyến cáo nên quay lại khi cảm thấy hoàn toàn khỏe mạnh",
    "screenedBy": "System Administrator",
    "screeningDate": "2025-07-08T13:35:11.0147097"
  }
]