﻿[
  {
    "locationId": 1,
    "locationName": "Bệnh Viện Bạch Mai",
    "address": "78 Giải Phóng, Phương Mai, Đống Đa, Hà Nội",
    "contactPhone": "024-3869-3731",
    "capacity": 100,
    "isActive": true,
    "createdDate": "2025-07-08T13:35:10.5435552",
    "events": []
  },
  {
    "locationId": 2,
    "locationName": "Bệnh Viện Việt Đức",
    "address": "40 Tràng Thi, Hoàn Kiếm, Hà Nội",
    "contactPhone": "024-3825-3531",
    "capacity": 80,
    "isActive": true,
    "createdDate": "2025-07-08T13:35:10.5436147",
    "events": []
  },
  {
    "locationId": 3,
    "locationName": "Viện Huyết học và Truyền máu Quốc gia",
    "address": "26 Nguyễn Trãi, Thanh Xuân, Hà Nội",
    "contactPhone": "024-3553-9206",
    "capacity": 150,
    "isActive": true,
    "createdDate": "2025-07-08T13:35:10.5436151",
    "events": []
  },
  {
    "locationId": 4,
    "locationName": "Đại học Y Hà Nội",
    "address": "1 Tôn Thất Tùng, Đống Đa, Hà Nội",
    "contactPhone": "024-3852-3798",
    "capacity": 60,
    "isActive": true,
    "createdDate": "2025-07-08T13:35:10.5436161",
    "events": []
  },
  {
    "locationId": 5,
    "locationName": "Trung tâm Y tế Cộng đồng - Quận 1",
    "address": "123 Đường Chính, Quận 1, Thành phố Hồ Chí Minh",
    "contactPhone": "028-3822-1234",
    "capacity": 75,
    "isActive": true,
    "createdDate": "2025-07-08T13:35:10.5436165",
    "events": []
  },
  {
    "locationId": 6,
    "locationName": "Trung tâm hiến máu Chữ thập đỏ",
    "address": "456 Đại lộ Lê Lợi, Quận 3, Thành phố Hồ Chí Minh",
    "contactPhone": "028-3933-5678",
    "capacity": 120,
    "isActive": true,
    "createdDate": "2025-07-08T13:35:10.5436219",
    "events": []
  },
  {
    "locationId": 7,
    "locationName": "Bệnh viện",
    "address": "1, Phường Hùng Vương, Thị xã Phú Thọ, Tỉnh Phú Thọ",
    "contactPhone": "0999888444",
    "capacity": 120,
    "isActive": true,
    "createdDate": "2025-07-17T16:52:13.6897872",
    "events": []
  }
]