﻿[
  {
    "categoryId": 1,
    "categoryName": "Tin tức sự kiện",
    "description": "Thông tin về các sự kiện hiến máu sắp tới",
    "isActive": true,
    "newsArticles": []
  },
  {
    "categoryId": 2,
    "categoryName": "Kiến thức y tế",
    "description": "Các bài viết về kiến thức y tế liên quan đến hiến máu",
    "isActive": true,
    "newsArticles": []
  },
  {
    "categoryId": 3,
    "categoryName": "Câu chuyện cảm động",
    "description": "Những câu chuyện cảm động về hiến máu",
    "isActive": true,
    "newsArticles": []
  },
  {
    "categoryId": 4,
    "categoryName": "Thông báo quan trọng",
    "description": "Các thông báo quan trọng từ hệ thống",
    "isActive": true,
    "newsArticles": []
  },
  {
    "categoryId": 5,
    "categoryName": "Hướng dẫn",
    "description": "Hướng dẫn các quy trình hiến máu",
    "isActive": true,
    "newsArticles": []
  }
]