﻿[
  {
    "roleId": 1,
    "roleName": "Admin",
    "description": "Quản trị viên",
    "createdDate": "2025-07-08T13:35:10.2424973",
    "users": []
  },
  {
    "roleId": 2,
    "roleName": "User",
    "description": "Người dùng",
    "createdDate": "2025-07-08T13:35:10.2425903",
    "users": []
  },
  {
    "roleId": 3,
    "roleName": "Hospital",
    "description": "Bệnh viện",
    "createdDate": "2025-07-08T13:35:10.2425905",
    "users": []
  },
  {
    "roleId": 4,
    "roleName": "Doctor",
    "description": "Bác sĩ",
    "createdDate": "2025-07-10T18:00:32.71",
    "users": []
  },
  {
    "roleId": 5,
    "roleName": "Staff",
    "description": "Nhân viên y tế",
    "createdDate": "2025-07-10T18:02:27.26",
    "users": []
  }
]